{
    "detector": "YOLOFaceDetector",
    "anonymiser": "CartoonAnonymiser",
    "dataset": "CelebA",
    "images_requested": 5000,
    "images_evaluated": 5000,
    "sample_image_id": "000429.jpg",
    "samples_dir": "results/samples",
    "recall": 0.7946,
    "bbox_iou_mean": 0.9319647328757147,
    "bbox_iou_std": 0.11251497708985513,
    "center_dx_mean_px": 1.038373781373159,
    "center_dx_std_px": 32.00238822778331,
    "center_dy_mean_px": -0.27763949388093756,
    "center_dy_std_px": 16.95480117961658,
    "scale_ratio_mean": 1.0815296359749829,
    "scale_ratio_std": 4.537549721795107,
    "pairs_measured": 4821,
    "pose_pairs": 4584,
    "yaw_mae_deg": 11.076230078849582,
    "pitch_mae_deg": 4.169485790340777,
    "roll_mae_deg": 68.81810173269655,
    "yaw_mae_std_deg": 38.94755355162904,
    "pitch_mae_std_deg": 5.4538685329682535,
    "roll_mae_std_deg": 130.16825335001178,
    "mouth_pairs": 4584,
    "mouth_open_threshold": 0.35,
    "mouth_state_agreement": 0.6164921465968587,
    "facing_pairs": 4584,
    "facing_center_thresh_deg": 15.0,
    "facing_direction_agreement": 0.9201570680628273,
    "expression_pairs": 4584,
    "smile_ratio_corr": 0.9204853646961867,
    "eye_openness_corr": 0.5957750491714502,
    "clear_landmark_ok": 4854,
    "anon_landmark_ok": 4584,
    "both_landmark_ok": 4584,
    "landmark_retention_rate": 0.9443757725587144,
    "landmark_failure_rate_on_anon": 0.05562422744128554,
    "distortion_pairs_checked": 4340,
    "distortion_outliers": 44,
    "distortion_outlier_rate": 0.010138248847926268,
    "distortion_iou_thresh": 0.3,
    "distortion_shift_thresh_px": 100.0,
    "distortion_scale_min": 0.5,
    "distortion_scale_max": 2.0,
    "timestamp": 1767806110.5603757
}