{
  "detector": "YOLOFaceDetector",
  "anonymiser": "BlurAnonymiser",
  "dataset": "CelebA",
  "images_requested": 500,
  "images_evaluated": 500,
  "latency_detect": {
    "n": 500,
    "mean_ms": 27.110352288003924,
    "p50_ms": 26.2150290000136,
    "p90_ms": 32.15622830084613,
    "p95_ms": 35.393166199082735,
    "max_ms": 51.371351999478065
  },
  "latency_anonymise": {
    "n": 500,
    "mean_ms": 5.709049629982474,
    "p50_ms": 4.226140999890049,
    "p90_ms": 8.466542399764878,
    "p95_ms": 12.885708549765669,
    "max_ms": 124.63172600109829
  },
  "latency_total_process": {
    "n": 500,
    "mean_ms": 32.8194019179864,
    "p50_ms": 31.00837850070093,
    "p90_ms": 39.74012780108751,
    "p95_ms": 43.647743201199766,
    "max_ms": 150.44066900009057
  },
  "timestamp": 1767804018.9172862
}