{
  "detector": "YOLOFaceDetector",
  "anonymiser": "BlurAnonymiser",
  "dataset": "CelebA",
  "reid_method": "pairwise_similarity_drop",
  "identities_requested": 500,
  "identities_evaluated": 189,
  "identities_skipped": 311,
  "sim_clear_clear": {
    "n": 189,
    "mean": 0.6051114299168278,
    "p50": 0.6410976648330688,
    "p90": 0.8029882907867432,
    "p95": 0.8419608473777771,
    "min": -0.012338489294052124,
    "max": 0.9143407344818115
  },
  "sim_clear_anon": {
    "n": 189,
    "mean": 0.08810174913701808,
    "p50": 0.05336495116353035,
    "p90": 0.22527055442333221,
    "p95": 0.4313814342021942,
    "min": -0.07367108762264252,
    "max": 0.6437608003616333
  },
  "drop_clearclear_minus_clearanon": {
    "n": 189,
    "mean": 0.5170096807798097,
    "p50": 0.5639207065105438,
    "p90": 0.7516792938113213,
    "p95": 0.8067883709445596,
    "min": -0.5760348550975323,
    "max": 0.8855547634884715
  },
  "timestamp": 1768065488.398131
}