{
  "detector": "YOLOFaceDetector",
  "anonymiser": "None",
  "dataset": "CelebA",
  "images_requested": 500,
  "images_evaluated": 500,
  "latency_detect": {
    "n": 500,
    "mean_ms": 27.146094086012454,
    "p50_ms": 26.07067349981662,
    "p90_ms": 32.522620799863944,
    "p95_ms": 34.64384784947469,
    "max_ms": 53.13701400154969
  },
  "latency_anonymise": {
    "n": 500,
    "mean_ms": 0.0004082220002601389,
    "p50_ms": 0.00038100006349850446,
    "p90_ms": 0.0005009987944504246,
    "p95_ms": 0.0005820002115797251,
    "max_ms": 0.0009010000212583691
  },
  "latency_total_process": {
    "n": 500,
    "mean_ms": 27.146502308012714,
    "p50_ms": 26.07101949979551,
    "p90_ms": 32.52298280112882,
    "p95_ms": 34.64427385006274,
    "max_ms": 53.137646000323
  },
  "timestamp": 1767804000.7161574
}