{
    "detector": "YOLOFaceDetector",
    "anonymiser": "BlurAnonymiser",
    "dataset": "CelebA",
    "images_requested": 5000,
    "images_evaluated": 5000,
    "sample_image_id": "000429.jpg",
    "samples_dir": "results/samples",
    "recall": 0.27,
    "bbox_iou_mean": 0.7730721421924066,
    "bbox_iou_std": 0.33035693063127897,
    "center_dx_mean_px": -0.10635964912280702,
    "center_dx_std_px": 123.05217225922013,
    "center_dy_mean_px": 0.8645833333333334,
    "center_dy_std_px": 74.8416165807109,
    "scale_ratio_mean": 2.653005544128089,
    "scale_ratio_std": 12.114470342461011,
    "pairs_measured": 1824,
    "pose_pairs": 769,
    "yaw_mae_deg": 22.732673505582937,
    "pitch_mae_deg": 7.722799945524877,
    "roll_mae_deg": 61.7176237393966,
    "yaw_mae_std_deg": 54.67837039124628,
    "pitch_mae_std_deg": 10.00198662435031,
    "roll_mae_std_deg": 122.51990119983563,
    "mouth_pairs": 769,
    "mouth_open_threshold": 0.35,
    "mouth_state_agreement": 0.9804941482444733,
    "facing_pairs": 769,
    "facing_center_thresh_deg": 15.0,
    "facing_direction_agreement": 0.8309492847854356,
    "expression_pairs": 769,
    "smile_ratio_corr": 0.6498593266515403,
    "eye_openness_corr": 0.2839041412934181,
    "clear_landmark_ok": 4854,
    "anon_landmark_ok": 770,
    "both_landmark_ok": 769,
    "landmark_retention_rate": 0.15863205603625877,
    "landmark_failure_rate_on_anon": 0.8415739596209312,
    "distortion_pairs_checked": 1607,
    "distortion_outliers": 98,
    "distortion_outlier_rate": 0.060983198506533914,
    "distortion_iou_thresh": 0.3,
    "distortion_shift_thresh_px": 100.0,
    "distortion_scale_min": 0.5,
    "distortion_scale_max": 2.0,
    "timestamp": 1767805624.0255227
}